{
    "matrix": {
        "cols": 7,
        "depth": 7,
        "mval": [
            0.0,
            0.0,
            0.0,
            0.0,
            0.0,
            0.0,
            0.0,
            0.0,
            0.0,
            0.0,
            0.0,
            0.0,
            0.0,
            0.0,
            0.0,
            0.0,
            0.0,
            0.0,
            0.0,
            0.0,
            0.0,
            0.0,
            0.0,
            0.0,
            0.0,
            0.0,
            0.0,
            0.0,
            0.0,
            0.0,
            0.0,
            0.0,
            0.0,
            0.0,
            0.0,
            0.0,
            0.0,
            0.0,
            0.0,
            0.0,
            0.0,
            0.0,
            0.0,
            0.0,
            0.0,
            0.0,
            0.0,
            0.0,
            0.0,
            0.0,
            1.6399999856948853,
            1.0499999523162842,
            1.090000033378601,
            1.4299999475479126,
            0.9100000262260437,
            1.7000000476837158,
            1.6399999856948853,
            0.0,
            0.5899999737739563,
            0.3700000047683716,
            1.1200000047683716,
            0.23999999463558197,
            1.7899999618530273,
            1.0499999523162842,
            0.5899999737739563,
            0.0,
            0.9300000071525574,
            1.0199999809265137,
            1.350000023841858,
            1.649999976158142,
            1.090000033378601,
            0.3700000047683716,
            0.9300000071525574,
            0.0,
            1.649999976158142,
            0.1899999976158142,
            1.5199999809265137,
            1.4299999475479126,
            1.1200000047683716,
            1.0199999809265137,
            1.649999976158142,
            0.0,
            1.0399999618530273,
            0.699999988079071,
            0.9100000262260437,
            0.23999999463558197,
            1.350000023841858,
            0.1899999976158142,
            1.0399999618530273,
            0.0,
            1.5700000524520874,
            1.7000000476837158,
            1.7899999618530273,
            1.649999976158142,
            1.5199999809265137,
            0.699999988079071,
            1.5700000524520874,
            0.0,
            0.0,
            5.559999942779541,
            3.5399999618530273,
            3.680000066757202,
            4.849999904632568,
            3.0799999237060547,
            5.730000019073486,
            5.559999942779541,
            0.0,
            1.9800000190734863,
            1.2400000095367432,
            3.7899999618530273,
            0.8199999928474426,
            6.039999961853027,
            3.5399999618530273,
            1.9800000190734863,
            0.0,
            3.1500000953674316,
            3.430000066757202,
            4.559999942779541,
            5.559999942779541,
            3.680000066757202,
            1.2400000095367432,
            3.1500000953674316,
            0.0,
            5.590000152587891,
            0.6399999856948853,
            5.130000114440918,
            4.849999904632568,
            3.7899999618530273,
            3.430000066757202,
            5.590000152587891,
            0.0,
            3.509999990463257,
            2.3499999046325684,
            3.0799999237060547,
            0.8199999928474426,
            4.559999942779541,
            0.6399999856948853,
            3.509999990463257,
            0.0,
            5.300000190734863,
            5.730000019073486,
            6.039999961853027,
            5.559999942779541,
            5.130000114440918,
            2.3499999046325684,
            5.300000190734863,
            0.0,
            0.0,
            8.0600004196167,
            5.139999866485596,
            5.349999904632568,
            7.03000020980835,
            4.46999979019165,
            8.319999694824219,
            8.0600004196167,
            0.0,
            2.880000114440918,
            1.7999999523162842,
            5.489999771118164,
            1.1799999475479126,
            8.760000228881836,
            5.139999866485596,
            2.880000114440918,
            0.0,
            4.579999923706055,
            4.980000019073486,
            6.619999885559082,
            8.069999694824219,
            5.349999904632568,
            1.7999999523162842,
            4.579999923706055,
            0.0,
            8.119999885559082,
            0.9399999976158142,
            7.449999809265137,
            7.03000020980835,
            5.489999771118164,
            4.980000019073486,
            8.119999885559082,
            0.0,
            5.099999904632568,
            3.4100000858306885,
            4.46999979019165,
            1.1799999475479126,
            6.619999885559082,
            0.9399999976158142,
            5.099999904632568,
            0.0,
            7.679999828338623,
            8.319999694824219,
            8.760000228881836,
            8.069999694824219,
            7.449999809265137,
            3.4100000858306885,
            7.679999828338623,
            0.0,
            0.0,
            7.659999847412109,
            4.880000114440918,
            5.079999923706055,
            6.679999828338623,
            4.25,
            7.900000095367432,
            7.659999847412109,
            0.0,
            2.7300000190734863,
            1.7100000381469727,
            5.21999979019165,
            1.1200000047683716,
            8.319999694824219,
            4.880000114440918,
            2.7300000190734863,
            0.0,
            4.349999904632568,
            4.730000019073486,
            6.289999961853027,
            7.659999847412109,
            5.079999923706055,
            1.7100000381469727,
            4.349999904632568,
            0.0,
            7.710000038146973,
            0.8899999856948853,
            7.070000171661377,
            6.679999828338623,
            5.21999979019165,
            4.730000019073486,
            7.710000038146973,
            0.0,
            4.840000152587891,
            3.240000009536743,
            4.25,
            1.1200000047683716,
            6.289999961853027,
            0.8899999856948853,
            4.840000152587891,
            0.0,
            7.300000190734863,
            7.900000095367432,
            8.319999694824219,
            7.659999847412109,
            7.070000171661377,
            3.240000009536743,
            7.300000190734863,
            0.0,
            0.0,
            7.309999942779541,
            4.659999847412109,
            4.849999904632568,
            6.380000114440918,
            4.059999942779541,
            7.550000190734863,
            7.309999942779541,
            0.0,
            2.609999895095825,
            1.6299999952316284,
            4.980000019073486,
            1.0700000524520874,
            7.949999809265137,
            4.659999847412109,
            2.609999895095825,
            0.0,
            4.150000095367432,
            4.519999980926514,
            6.010000228881836,
            7.320000171661377,
            4.849999904632568,
            1.6299999952316284,
            4.150000095367432,
            0.0,
            7.360000133514404,
            0.8500000238418579,
            6.760000228881836,
            6.380000114440918,
            4.980000019073486,
            4.519999980926514,
            7.360000133514404,
            0.0,
            4.630000114440918,
            3.0999999046325684,
            4.059999942779541,
            1.0700000524520874,
            6.010000228881836,
            0.8500000238418579,
            4.630000114440918,
            0.0,
            6.96999979019165,
            7.550000190734863,
            7.949999809265137,
            7.320000171661377,
            6.760000228881836,
